User,Serie,dateTime,date,interest,pleasure,importance,required,anxiety_guilt,for_others,autonomy,relatedness,competence,own_question,Average basic needs satisfaction,Average autonomous motivation,Average controlled motivation,task,task_uncategorised,task_idiographic,project_name,time_since_break,others_task,location,sleep_quality,satisfaction_work,productivity_work,strategies
Moti_P10,beginning,2018-11-16T07:20:58Z,2018-11-16,25,23,25,0,0,0,47,36,34,24,39,24.3333333333333,0,Email,22,23,10,No breaks yet,0,at_home,24,NA,NA,NA
Moti_P10,middle3,2018-11-16T09:10:25Z,2018-11-16,16,18,13,49,39,34,38,35,49,23,40.6666666666667,15.6666666666667,40.6666666666667,Writing internal communication,39,21,18,60,0,in_public,NA,NA,NA,NA
Moti_P10,middle3,2018-11-16T09:12:54Z,2018-11-16,15,13,5,49,40,37,40,23,49,25,37.3333333333333,11,42,Writing internal communication,39,21,18,60,0,in_public,NA,NA,NA,NA
Moti_P10,middle3,2018-11-16T12:03:02Z,2018-11-16,7,7,41,26,13,0,49,41,49,25,46.3333333333333,18.3333333333333,13,Internal meeting,27,20,10,30,1,in_office,NA,NA,NA,NA
Moti_P10,middle3,2018-11-19T09:56:10Z,2018-11-19,9,9,31,11,9,9,24,12,12,22,16,16.3333333333333,9.66666666666667,Internal meeting,27,20,NA,60,1,in_office,NA,NA,NA,NA
Moti_P10,middle3,2018-11-19T11:10:51Z,2018-11-19,12,9,13,38,7,6,37,22,23,21,27.3333333333333,11.3333333333333,17,Email,22,23,10,60,0,in_office,NA,NA,NA,NA
Moti_P10,middle3,2018-11-21T10:33:40Z,2018-11-21,14,13,13,37,41,40,24,8,14,19,15.3333333333333,13.3333333333333,39.3333333333333,Planning training,32,8,18,60,0,at_home,NA,NA,NA,NA
Moti_P10,middle3,2018-11-21T12:10:20Z,2018-11-21,10,19,10,39,38,38,26,15,18,20,19.6666666666667,13,38.3333333333333,Planning training,32,8,18,30,0,at_home,NA,NA,NA,NA
Moti_P10,end,2018-11-21T14:55:01Z,2018-11-21,6,16,10,45,41,25,22,11,27,30,20,10.6666666666667,37,Planning training,32,8,18,60,0,at_home,NA,9,9,set_goal;avoid_distract;self_monitor
Moti_P10,beginning,2018-11-22T07:23:17Z,2018-11-22,36,32,22,8,7,9,23,26,25,24,24.6666666666667,30,8,Participating event,28,26,18,No breaks yet,3,in_office,25,NA,NA,NA
Moti_P10,middle3,2018-11-22T11:40:24Z,2018-11-22,32,34,24,30,8,4,29,33,31,22,31,30,14,Internal meeting,27,20,10,90,1,in_office,NA,NA,NA,NA
Moti_P10,middle3,2018-11-22T13:35:29Z,2018-11-22,32,36,28,7,13,0,35,40,39,25,38,32,6.66666666666667,Internal meeting,27,20,10,60,1,in_office,NA,NA,NA,NA
Moti_P10,end,2018-11-22T14:50:07Z,2018-11-22,9,24,6,42,43,25,25,24,24,22,24.3333333333333,13,36.6666666666667,Email,22,23,NA,60,0,in_office,NA,24,24,thought_meaning;set_goal;support_others;self_kindness;obtain_emo_support;self_monitor
Moti_P10,middle3,2018-11-23T09:24:59Z,2018-11-23,25,12,24,40,33,24,25,34,25,26,28,20.3333333333333,32.3333333333333,Creating presentation,33,2,18,60,1,in_office,NA,NA,NA,NA
Moti_P10,end,2018-11-23T15:49:49Z,2018-11-23,40,24,23,38,7,10,26,40,38,23,34.6666666666667,29,18.3333333333333,Internal meeting,27,20,10,60,1,in_office,NA,34,34,thought_meaning;set_goal;support_others;obtain_emo_support;self_monitor
Moti_P10,middle3,2018-11-26T09:12:21Z,2018-11-26,25,24,23,41,44,25,36,13,26,18,25,24,36.6666666666667,Planning training,32,8,18,0,0,in_office,NA,NA,NA,NA
Moti_P10,middle3,2018-11-26T10:58:40Z,2018-11-26,25,23,25,41,41,24,25,17,23,20,21.6666666666667,24.3333333333333,35.3333333333333,Planning training,32,8,18,30,0,in_office,NA,NA,NA,NA
Moti_P10,middle3,2018-11-26T13:42:02Z,2018-11-26,26,25,27,42,14,16,24,34,33,19,30.3333333333333,26,24,Providing training,25,6,18,60,3,in_office,NA,NA,NA,NA
Moti_P10,end,2018-11-26T14:51:39Z,2018-11-26,0,0,12,44,33,42,26,14,7,18,15.6666666666667,4,39.6666666666667,Email,22,23,10,240,0,in_office,NA,23,23,thought_meaning;set_goal;support_others;self_kindness;obtain_emo_support;self_talk_capability
Moti_P10,beginning,2018-11-27T07:51:16Z,2018-11-27,10,8,10,8,9,7,36,23,35,15,31.3333333333333,9.33333333333333,8,Internal meeting,27,20,10,30,1,in_field,17,NA,NA,NA
Moti_P10,middle3,2018-11-27T10:15:32Z,2018-11-27,38,35,23,11,12,12,23,36,24,49,27.6666666666667,32,11.6666666666667,Internal meeting,27,20,10,60,3,in_field,NA,NA,NA,NA
Moti_P10,middle3,2018-11-27T11:43:28Z,2018-11-27,39,41,41,41,8,10,36,32,42,19,36.6666666666667,40.3333333333333,19.6666666666667,Providing training,25,6,18,90,3,in_field,NA,NA,NA,NA
Moti_P10,end,2018-11-27T14:49:16Z,2018-11-27,7,16,18,47,25,28,33,22,24,18,26.3333333333333,13.6666666666667,33.3333333333333,Internal meeting,27,20,10,60,2,in_field,NA,41,41,set_goal;support_others;self_monitor
Moti_P10,middle3,2018-11-28T09:35:44Z,2018-11-28,0,0,0,8,32,42,35,24,24,18,27.6666666666667,0,27.3333333333333,Email,22,23,NA,60,0,at_home,NA,NA,NA,NA
Moti_P10,middle3,2018-11-28T10:58:14Z,2018-11-28,39,39,41,41,13,14,23,43,24,19,30,39.6666666666667,22.6666666666667,Team meeting,15,24,NA,30,3,in_office,NA,NA,NA,NA
Moti_P10,middle3,2018-11-28T12:55:34Z,2018-11-28,22,25,24,32,30,29,30,33,32,16,31.6666666666667,23.6666666666667,30.3333333333333,Planning event,31,13,18,60,0,in_office,NA,NA,NA,NA
Moti_P10,end,2018-11-28T14:35:39Z,2018-11-28,33,30,30,7,0,7,32,37,34,15,34.3333333333333,31,4.66666666666667,Internal meeting,27,20,15,60,1,at_home,NA,24,24,set_goal;avoid_distract;self_monitor;support_others
Moti_P10,middle3,2018-11-29T09:42:48Z,2018-11-29,24,23,24,43,39,16,32,28,26,16,28.6666666666667,23.6666666666667,32.6666666666667,Email,22,23,18,60,0,at_home,NA,NA,NA,NA
Moti_P10,middle3,2018-11-29T11:20:27Z,2018-11-29,10,24,43,24,5,8,39,23,24,18,28.6666666666667,25.6666666666667,12.3333333333333,Translating,7,9,6,60,0,at_home,NA,NA,NA,NA
Moti_P10,beginning,2018-11-30T08:23:20Z,2018-11-30,41,43,43,9,5,25,34,49,41,17,41.3333333333333,42.3333333333333,13,Providing training,23,6,18,60,3,in_office,25,NA,NA,NA
Moti_P10,middle3,2018-11-30T10:11:25Z,2018-11-30,44,43,42,8,10,22,24,47,37,16,36,43,13.3333333333333,Providing training,23,6,18,60,3,in_office,NA,NA,NA,NA
Moti_P10,middle3,2018-11-30T13:10:52Z,2018-11-30,45,44,42,9,9,24,36,48,49,17,44.3333333333333,43.6666666666667,14,Providing training,23,6,18,60,3,in_office,NA,NA,NA,NA
Moti_P10,beginning,2018-12-03T07:35:46Z,2018-12-03,23,39,33,23,0,0,0,26,24,16,16.6666666666667,31.6666666666667,7.66666666666667,Organising work,19,28,NA,No breaks yet,0,in_office,22,NA,NA,NA
Moti_P10,middle3,2018-12-03T10:06:38Z,2018-12-03,43,42,45,0,0,0,44,38,44,17,42,43.3333333333333,0,Internal meeting,27,20,10,60,2,in_office,NA,NA,NA,NA
Moti_P10,middle3,2018-12-03T10:15:38Z,2018-12-03,0,0,0,0,0,49,0,0,0,0,0,0,16.3333333333333,Internal meeting,27,20,10,NA,NA,NA,NA,NA,NA,NA
Moti_P10,middle3,2018-12-03T11:50:36Z,2018-12-03,32,30,31,33,25,23,41,36,35,16,37.3333333333333,31,27,Providing training,25,6,19,240,3,in_office,NA,NA,NA,NA
Moti_P10,middle3,2018-12-03T13:10:51Z,2018-12-03,38,38,37,24,10,6,36,49,41,14,42,37.6666666666667,13.3333333333333,Providing training,25,6,20,240,3,in_office,NA,NA,NA,NA
Moti_P10,end,2018-12-03T14:52:31Z,2018-12-03,9,10,23,42,41,22,36,33,36,16,35,14,35,Email,22,23,19,240,0,in_office,NA,38,38,set_goal;make_more_fun;obtain_emo_support;self_monitor
Moti_P10,beginning,2018-12-04T07:49:24Z,2018-12-04,36,33,23,15,25,17,41,39,39,14,39.6666666666667,30.6666666666667,19,Creating presentation,21,2,4,No breaks yet,0,in_office,16,NA,NA,NA
Moti_P10,middle3,2018-12-04T09:16:09Z,2018-12-04,23,23,25,42,25,23,40,42,41,14,41,23.6666666666667,30,Email,22,23,10,NA,0,in_office,NA,NA,NA,NA
Moti_P10,middle3,2018-12-04T11:23:48Z,2018-12-04,32,30,31,36,27,17,37,33,36,15,35.3333333333333,31,26.6666666666667,Internal meeting,27,20,10,90,3,in_field,NA,NA,NA,NA
Moti_P10,middle3,2018-12-04T12:42:52Z,2018-12-04,26,24,25,40,24,16,41,34,34,14,36.3333333333333,25,26.6666666666667,Internal meeting,27,20,10,60,3,in_field,NA,NA,NA,NA
Moti_P10,beginning,2018-12-05T07:43:36Z,2018-12-05,25,24,25,23,25,25,26,39,25,37,30,24.6666666666667,24.3333333333333,Team meeting,40,25,NA,No breaks yet,3,in_office,16,NA,NA,NA
Moti_P10,middle3,2018-12-05T09:15:50Z,2018-12-05,17,25,17,39,42,15,35,25,25,34,28.3333333333333,19.6666666666667,32,Email,22,23,3,60,0,in_office,NA,NA,NA,NA
Moti_P10,middle3,2018-12-05T10:12:23Z,2018-12-05,47,31,24,11,15,13,41,34,41,36,38.6666666666667,34,13,Participating training,29,7,22,30,3,in_office,NA,NA,NA,NA
Moti_P10,end,2018-12-05T14:47:26Z,2018-12-05,16,15,36,22,43,41,35,23,23,40,27,22.3333333333333,35.3333333333333,Giving feedback,10,14,17,0,0,at_home,NA,31,31,set_goal;self_kindness;avoid_distract;obtain_emo_support;self_monitor;task_craft_mood
Moti_P10,beginning,2018-12-07T07:15:41Z,2018-12-07,49,43,49,39,25,9,47,23,36,35,35.3333333333333,47,24.3333333333333,Writing book,4,5,7,No breaks yet,0,at_home,28,NA,NA,NA
Moti_P10,middle3,2018-12-07T08:59:02Z,2018-12-07,25,13,24,40,38,33,37,25,36,31,32.6666666666667,20.6666666666667,37,Participating training,29,7,19,60,3,at_home,NA,NA,NA,NA
Moti_P10,middle3,2018-12-07T11:03:48Z,2018-12-07,49,39,49,37,0,0,49,33,46,32,42.6666666666667,45.6666666666667,12.3333333333333,Writing book,5,5,7,60,3,at_home,NA,NA,NA,NA
Moti_P10,middle3,2018-12-10T12:05:02Z,2018-12-10,39,15,26,25,30,44,34,26,26,21,28.6666666666667,26.6666666666667,33,Participating training,29,7,NA,240,3,in_office,NA,NA,NA,NA
Moti_P10,middle3,2018-12-10T12:07:56Z,2018-12-10,30,29,30,35,34,24,34,34,49,18,39,29.6666666666667,31,Job interview,24,18,10,60,1,in_office,NA,NA,NA,NA
Moti_P10,middle3,2018-12-10T12:46:24Z,2018-12-10,8,6,10,24,32,49,24,9,25,15,19.3333333333333,8,35,Participating training,29,7,NA,NA,3,in_office,NA,NA,NA,NA
Moti_P10,beginning,2018-12-11T08:33:06Z,2018-12-11,26,26,25,35,25,26,43,32,32,14,35.6666666666667,25.6666666666667,28.6666666666667,Internal meeting,27,20,13,No breaks yet,3,in_office,25,NA,NA,NA
Moti_P10,middle3,2018-12-11T09:25:15Z,2018-12-11,9,5,16,24,25,24,33,24,25,13,27.3333333333333,10,24.3333333333333,Internal meeting,27,20,13,No breaks yet,3,in_office,NA,NA,NA,NA
Moti_P10,middle3,2018-12-11T09:26:20Z,2018-12-11,24,30,9,5,26,5,39,33,35,15,35.6666666666667,21,12,Email,22,23,9,0,0,in_office,NA,NA,NA,NA
Moti_P10,middle3,2018-12-11T13:31:59Z,2018-12-11,33,34,34,31,25,18,39,33,40,16,37.3333333333333,33.6666666666667,24.6666666666667,Writing plan,41,22,13,60,0,in_office,NA,NA,NA,NA
Moti_P10,end,2018-12-11T14:48:58Z,2018-12-11,33,24,35,40,25,25,39,40,35,15,38,30.6666666666667,30,Planning training,32,8,13,240,0,in_office,NA,33,33,set_goal;support_others;avoid_distract;obtain_emo_support;self_monitor
Moti_P10,middle3,2018-12-12T10:53:29Z,2018-12-12,44,34,38,6,25,24,41,40,36,14,39,38.6666666666667,18.3333333333333,Internal meeting,27,20,13,60,3,other,NA,NA,NA,NA
Moti_P10,middle3,2018-12-12T10:55:32Z,2018-12-12,44,36,37,5,7,7,36,35,35,16,35.3333333333333,39,6.33333333333333,Providing training,23,6,13,90,3,other,NA,NA,NA,NA
Moti_P10,middle3,2018-12-13T09:31:36Z,2018-12-13,25,34,7,8,4,6,43,39,23,13,35,22,6,Moti_P10_1,18,27,NA,No breaks yet,3,in_office,NA,NA,NA,NA
Moti_P10,middle3,2018-12-13T11:44:38Z,2018-12-13,14,16,24,49,40,49,32,24,25,15,27,18,46,Email,22,23,12,90,0,in_office,NA,NA,NA,NA
Moti_P10,middle3,2018-12-13T13:20:11Z,2018-12-13,8,24,8,45,24,22,37,30,25,18,30.6666666666667,13.3333333333333,30.3333333333333,Contracts,34,18,13,60,1,in_office,NA,NA,NA,NA
Moti_P10,middle3,2018-12-14T09:17:42Z,2018-12-14,8,23,5,6,24,9,48,25,25,16,32.6666666666667,12,13,Email,22,23,NA,60,0,at_home,NA,NA,NA,NA
Moti_P10,middle3,2018-12-14T11:55:44Z,2018-12-14,49,49,49,40,10,10,49,33,49,13,43.6666666666667,49,20,Writing book,3,5,7,60,0,at_home,NA,NA,NA,NA
Moti_P10,middle3,2018-12-17T09:42:51Z,2018-12-17,10,11,11,24,25,25,15,11,26,6,17.3333333333333,10.6666666666667,24.6666666666667,Providing training,25,6,19,No breaks yet,2,in_office,NA,NA,NA,NA
Moti_P10,middle3,2018-12-17T11:57:57Z,2018-12-17,34,34,23,32,40,32,33,34,31,6,32.6666666666667,30.3333333333333,34.6666666666667,Developing processes,11,15,18,30,1,in_office,NA,NA,NA,NA
Moti_P10,end,2018-12-17T14:41:53Z,2018-12-17,25,13,25,37,40,8,26,17,26,5,23,21,28.3333333333333,Organising work,26,4,10,30,0,in_office,NA,24,24,set_goal;support_others;self_kindness;obtain_emo_support;self_monitor;task_craft_mood
Moti_P10,middle3,2018-12-18T09:08:22Z,2018-12-18,39,26,24,36,16,26,34,33,37,7,34.6666666666667,29.6666666666667,26,Internal meeting,27,20,14,No breaks yet,3,in_field,NA,NA,NA,NA
Moti_P10,end,2018-12-18T14:39:08Z,2018-12-18,43,41,43,24,24,7,39,41,40,7,40,42.3333333333333,18.3333333333333,Internal meeting,27,20,12,60,1,in_office,NA,28,28,set_goal;support_others;make_more_fun;avoid_distract;self_monitor
Moti_P10,middle3,2018-12-19T09:11:31Z,2018-12-19,49,49,49,11,0,0,38,39,33,10,36.6666666666667,49,3.66666666666667,Team meeting,40,25,6,30,3,other,NA,NA,NA,NA
Moti_P10,middle3,2018-12-21T12:22:18Z,2018-12-21,33,31,42,8,12,10,44,32,42,7,39.3333333333333,35.3333333333333,10,Giving feedback,10,14,10,90,0,in_office,NA,NA,NA,NA
Moti_P10,middle3,2018-12-21T13:41:19Z,2018-12-21,41,24,32,10,8,12,37,33,40,8,36.6666666666667,32.3333333333333,10,Email,22,23,13,30,0,in_office,NA,NA,NA,NA
Moti_P10,middle3,2019-01-08T08:51:29Z,2019-01-08,18,18,17,35,32,25,33,24,25,29,27.3333333333333,17.6666666666667,30.6666666666667,Internal meeting,27,20,10,No breaks yet,3,in_office,NA,NA,NA,NA
Moti_P10,middle3,2019-01-08T08:52:51Z,2019-01-08,24,15,25,35,25,13,40,27,24,29,30.3333333333333,21.3333333333333,24.3333333333333,Internal meeting,27,20,14,No breaks yet,3,in_office,NA,NA,NA,NA
Moti_P10,middle3,2019-01-08T13:43:39Z,2019-01-08,13,11,24,42,25,41,35,33,34,23,34,16,36,Internal meeting,27,20,10,60,1,in_office,NA,NA,NA,NA
Moti_P10,middle3,2019-01-09T09:07:16Z,2019-01-09,39,41,29,24,11,11,38,33,30,23,33.6666666666667,36.3333333333333,15.3333333333333,Internal meeting,27,20,5,No breaks yet,3,in_office,NA,NA,NA,NA
Moti_P10,middle3,2019-01-09T09:55:57Z,2019-01-09,34,30,34,23,18,10,36,31,36,26,34.3333333333333,32.6666666666667,17,Providing training,23,6,18,0,3,other,NA,NA,NA,NA
Moti_P10,middle3,2019-01-09T13:35:34Z,2019-01-09,25,25,25,24,8,7,43,22,41,18,35.3333333333333,25,13,Email,22,23,10,30,0,in_public,NA,NA,NA,NA
Moti_P10,end,2019-01-09T14:58:17Z,2019-01-09,26,37,33,33,10,29,43,34,38,19,38.3333333333333,32,24,Phone call,30,16,5,90,1,in_public,NA,36,36,avoid_distract;self_monitor;self_talk_capability;task_craft_mood;set_goal
Moti_P10,middle3,2019-01-10T10:37:27Z,2019-01-10,34,30,24,8,8,7,35,29,39,24,34.3333333333333,29.3333333333333,7.66666666666667,Reading report,35,10,10,30,0,in_office,NA,NA,NA,NA
Moti_P10,middle3,2019-01-10T11:37:27Z,2019-01-10,32,22,9,8,10,8,38,23,39,22,33.3333333333333,21,8.66666666666667,Reading report,35,10,10,90,0,in_office,NA,NA,NA,NA
Moti_P10,middle3,2019-01-10T12:48:41Z,2019-01-10,42,42,42,24,7,26,44,36,38,20,39.3333333333333,42,19,Internal meeting,27,20,10,60,3,in_office,NA,NA,NA,NA
Moti_P10,end,2019-01-10T14:45:32Z,2019-01-10,41,39,40,23,7,8,38,24,32,23,31.3333333333333,40,12.6666666666667,Reading report,35,10,10,60,0,in_office,NA,34,34,set_goal;self_kindness;avoid_distract;obtain_emo_support;self_monitor;task_craft_mood
Moti_P10,middle3,2019-01-11T10:41:07Z,2019-01-11,34,35,37,39,10,23,32,37,36,15,35,35.3333333333333,24,Internal meeting,27,20,5,No breaks yet,3,in_office,NA,NA,NA,NA
Moti_P10,beginning,2019-01-14T07:24:02Z,2019-01-14,35,35,35,25,26,14,38,31,33,24,34,35,21.6666666666667,Internal meeting,27,20,10,No breaks yet,3,in_office,29,NA,NA,NA
Moti_P10,middle3,2019-01-14T11:09:26Z,2019-01-14,26,25,25,16,24,16,35,36,36,25,35.6666666666667,25.3333333333333,18.6666666666667,Email,22,23,5,30,0,in_office,NA,NA,NA,NA
Moti_P10,middle3,2019-01-16T12:20:45Z,2019-01-16,45,38,44,25,17,8,42,24,31,14,32.3333333333333,42.3333333333333,16.6666666666667,Participating event,28,26,23,60,3,other,NA,NA,NA,NA
Moti_P10,middle3,2019-01-16T13:21:25Z,2019-01-16,45,34,46,24,25,8,40,25,36,15,33.6666666666667,41.6666666666667,19,Participating event,28,26,23,60,3,other,NA,NA,NA,NA
Moti_P10,middle3,2019-01-17T13:20:35Z,2019-01-17,25,24,30,39,33,35,38,38,36,13,37.3333333333333,26.3333333333333,35.6666666666667,Internal meeting,27,20,13,90,2,in_field,NA,NA,NA,NA
Moti_P10,middle3,2019-01-21T09:59:01Z,2019-01-21,41,42,32,10,10,13,41,34,24,35,33,38.3333333333333,11,Travelling,8,11,9,0,3,in_transit,NA,NA,NA,NA
Moti_P10,beginning,2019-01-22T08:04:46Z,2019-01-22,33,24,29,15,11,25,24,13,16,33,17.6666666666667,28.6666666666667,17,Participating event,6,26,21,No breaks yet,3,other,34,NA,NA,NA
Moti_P10,middle3,2019-01-22T13:43:29Z,2019-01-22,17,16,8,26,29,25,23,15,18,34,18.6666666666667,13.6666666666667,26.6666666666667,Participating event,6,26,1,60,3,other,NA,NA,NA,NA
Moti_P10,end,2019-01-22T15:58:47Z,2019-01-22,26,25,25,13,26,10,26,3,14,33,14.3333333333333,25.3333333333333,16.3333333333333,Creating presentation,36,2,10,30,0,other,NA,15,15,self_kindness;avoid_distract;task_craft_mood
Moti_P10,beginning,2019-01-23T09:34:05Z,2019-01-23,26,26,26,24,34,24,32,6,19,29,19,26,27.3333333333333,Internal meeting,27,20,9,No breaks yet,3,other,33,NA,NA,NA
Moti_P10,middle3,2019-01-23T10:41:44Z,2019-01-23,32,31,23,25,25,25,24,13,13,27,16.6666666666667,28.6666666666667,25,Participating event,6,26,9,60,3,other,NA,NA,NA,NA
Moti_P10,beginning,2019-01-24T08:00:45Z,2019-01-24,14,14,23,38,37,18,24,17,25,31,22,17,31,Email,22,23,10,No breaks yet,0,in_office,31,NA,NA,NA
Moti_P10,beginning,2019-01-25T08:33:50Z,2019-01-25,41,33,45,25,24,11,42,25,24,28,30.3333333333333,39.6666666666667,20,Internal meeting,27,20,6,No breaks yet,3,other,23,NA,NA,NA
Moti_P10,middle3,2019-01-25T10:33:47Z,2019-01-25,38,35,36,24,25,10,40,30,31,31,33.6666666666667,36.3333333333333,19.6666666666667,Internal meeting,27,20,6,0,3,other,NA,NA,NA,NA
Moti_P10,middle3,2019-01-25T12:59:41Z,2019-01-25,25,25,26,40,24,25,39,16,36,28,30.3333333333333,25.3333333333333,29.6666666666667,Internal meeting,27,20,10,60,1,other,NA,NA,NA,NA
Moti_P10,middle3,2019-01-25T13:34:08Z,2019-01-25,36,31,37,24,13,13,37,30,29,27,32,34.6666666666667,16.6666666666667,Internal meeting,27,20,6,60,3,other,NA,NA,NA,NA
Moti_P10,middle3,2019-01-28T09:36:22Z,2019-01-28,38,34,42,38,34,14,38,35,38,31,37,38,28.6666666666667,Phone call,30,16,10,No breaks yet,1,in_office,NA,NA,NA,NA
Moti_P10,middle3,2019-01-28T09:37:43Z,2019-01-28,24,24,33,25,16,11,32,28,29,29,29.6666666666667,27,17.3333333333333,Internal meeting,27,20,9,30,1,in_office,NA,NA,NA,NA
Moti_P10,end,2019-01-28T14:37:09Z,2019-01-28,27,34,25,9,32,9,41,31,30,30,34,28.6666666666667,16.6666666666667,Email,22,23,9,60,0,in_public,NA,28,28,set_goal;support_others;avoid_distract;self_monitor;task_craft_mood
Moti_P10,middle3,2019-01-29T09:57:07Z,2019-01-29,31,29,32,40,24,19,37,31,34,29,34,30.6666666666667,27.6666666666667,Organising work,13,28,16,60,0,in_office,NA,NA,NA,NA
Moti_P10,middle3,2019-01-29T12:20:14Z,2019-01-29,27,18,18,35,23,24,34,34,29,29,32.3333333333333,21,27.3333333333333,Internal meeting,27,20,11,90,2,in_office,NA,NA,NA,NA
Moti_P10,middle3,2019-01-30T11:40:25Z,2019-01-30,38,41,31,31,34,21,39,37,37,28,37.6666666666667,36.6666666666667,28.6666666666667,Providing training,25,6,18,30,2,in_office,NA,NA,NA,NA
Moti_P10,end,2019-01-30T15:56:39Z,2019-01-30,34,40,36,39,36,19,40,30,36,25,35.3333333333333,36.6666666666667,31.3333333333333,Brainstorming,2,3,2,60,0,at_home,NA,41,41,set_goal;support_others;thought_meaning;obtain_emo_support;self_monitor;self_talk_capability
Moti_P10,middle3,2019-01-31T12:47:55Z,2019-01-31,42,40,49,33,14,11,38,40,31,27,36.3333333333333,43.6666666666667,19.3333333333333,Providing training,17,6,8,60,3,other,NA,NA,NA,NA
Moti_P10,middle3,2019-01-31T12:50:54Z,2019-01-31,19,18,26,34,41,29,43,30,30,28,34.3333333333333,21,34.6666666666667,Internal meeting,27,20,10,30,1,in_office,NA,NA,NA,NA
Moti_P10,middle3,2019-02-01T11:55:00Z,2019-02-01,38,39,24,15,11,12,35,33,35,26,34.3333333333333,33.6666666666667,12.6666666666667,Participating training,29,7,9,60,3,in_office,NA,NA,NA,NA
Moti_P10,middle3,2019-02-01T11:56:21Z,2019-02-01,25,34,26,35,24,35,36,26,33,32,31.6666666666667,28.3333333333333,31.3333333333333,Email,22,23,9,60,0,in_office,NA,NA,NA,NA
Moti_P10,beginning,2019-02-04T07:17:50Z,2019-02-04,15,16,16,14,15,16,35,25,23,28,27.6666666666667,15.6666666666667,15,Email,22,23,9,No breaks yet,0,in_office,30,NA,NA,NA
Moti_P10,middle3,2019-02-04T10:57:36Z,2019-02-04,17,15,25,30,32,29,35,30,28,28,31,19,30.3333333333333,Internal meeting,27,20,13,60,3,in_office,NA,NA,NA,NA
Moti_P10,middle3,2019-02-04T11:59:23Z,2019-02-04,19,17,20,34,32,28,36,18,33,25,29,18.6666666666667,31.3333333333333,Internal meeting,27,20,13,60,3,in_office,NA,NA,NA,NA
Moti_P10,middle3,2019-02-04T12:01:36Z,2019-02-04,10,9,25,30,34,33,34,25,29,26,29.3333333333333,14.6666666666667,32.3333333333333,Internal meeting,27,20,13,60,3,in_office,NA,NA,NA,NA
Moti_P10,middle3,2019-02-05T12:20:27Z,2019-02-05,40,42,35,26,17,17,36,33,31,32,33.3333333333333,39,20,Workshop,20,6,2,0,3,other,NA,NA,NA,NA
Moti_P10,middle3,2019-02-06T10:33:52Z,2019-02-06,43,43,42,41,24,8,43,37,40,33,40,42.6666666666667,24.3333333333333,Internal meeting,27,20,6,60,1,in_public,NA,NA,NA,NA
Moti_P10,middle3,2019-02-06T11:51:40Z,2019-02-06,9,27,13,39,38,39,40,25,30,34,31.6666666666667,16.3333333333333,38.6666666666667,Writing guidance,9,12,13,60,0,in_public,NA,NA,NA,NA
Moti_P10,middle3,2019-02-07T08:47:32Z,2019-02-07,25,25,27,32,26,26,37,25,25,32,29,25.6666666666667,28,Team meeting,16,25,9,No breaks yet,3,in_office,NA,NA,NA,NA
Moti_P10,middle3,2019-02-11T11:17:15Z,2019-02-11,23,27,30,39,25,13,34,32,38,10,34.6666666666667,26.6666666666667,25.6666666666667,Investigatory work,38,19,10,0,1,in_office,NA,NA,NA,NA
Moti_P10,middle3,2019-02-11T12:30:15Z,2019-02-11,41,39,41,24,13,9,37,34,36,13,35.6666666666667,40.3333333333333,15.3333333333333,Providing training,25,6,10,90,3,in_office,NA,NA,NA,NA
Moti_P10,beginning,2019-02-12T07:17:00Z,2019-02-12,26,25,26,14,13,12,34,30,26,12,30,25.6666666666667,13,Team meeting,14,24,13,0,3,in_field,29,NA,NA,NA
Moti_P10,middle3,2019-02-12T11:42:06Z,2019-02-12,7,6,5,25,45,45,33,25,25,10,27.6666666666667,6,38.3333333333333,Participating training,29,7,9,60,3,in_field,NA,NA,NA,NA
Moti_P10,middle3,2019-02-12T12:57:07Z,2019-02-12,12,10,13,32,38,49,36,29,34,15,33,11.6666666666667,39.6666666666667,Reporting,12,17,13,60,0,in_field,NA,NA,NA,NA
Moti_P10,end,2019-02-12T14:56:19Z,2019-02-12,30,32,37,33,26,29,32,31,34,49,32.3333333333333,33,29.3333333333333,Offering a job,37,18,13,240,1,in_field,NA,32,32,set_goal;support_others;make_more_fun;avoid_distract;obtain_emo_support;self_monitor;task_craft_mood
Moti_P10,beginning,2019-02-13T07:59:46Z,2019-02-13,19,25,19,34,17,25,35,16,25,16,25.3333333333333,21,25.3333333333333,Internal meeting,27,20,10,No breaks yet,2,at_home,18,NA,NA,NA
Moti_P10,middle3,2019-02-13T09:01:47Z,2019-02-13,21,13,27,32,33,25,38,17,25,17,26.6666666666667,20.3333333333333,30,Internal meeting,27,20,9,No breaks yet,3,at_home,NA,NA,NA,NA
Moti_P10,middle3,2019-02-13T11:24:08Z,2019-02-13,32,32,32,30,25,20,39,30,35,18,34.6666666666667,32,25,Internal meeting,27,20,13,60,3,in_office,NA,NA,NA,NA
Moti_P10,middle3,2019-02-13T14:11:54Z,2019-02-13,41,40,34,19,23,18,38,36,39,14,37.6666666666667,38.3333333333333,20,Providing training,1,1,10,60,2,in_office,NA,NA,NA,NA
Moti_P10,end,2019-02-13T15:01:23Z,2019-02-13,15,13,18,31,24,38,36,31,35,7,34,15.3333333333333,31,Participating training,29,7,9,60,0,in_office,NA,26,26,set_goal;support_others;make_more_fun;self_kindness;obtain_emo_support;self_monitor;task_craft_mood
Moti_P10,beginning,2019-02-18T07:44:23Z,2019-02-18,28,31,26,10,27,10,33,30,31,15,31.3333333333333,28.3333333333333,15.6666666666667,Email,22,23,9,No breaks yet,0,in_office,25,NA,NA,NA
Moti_P10,beginning,2019-02-19T07:35:04Z,2019-02-19,26,25,25,13,14,11,31,17,25,16,24.3333333333333,25.3333333333333,12.6666666666667,Email,22,23,9,No breaks yet,0,in_field,13,NA,NA,NA
Moti_P10,middle3,2019-02-19T09:19:19Z,2019-02-19,37,36,38,26,26,18,36,41,35,11,37.3333333333333,37,23.3333333333333,Internal meeting,27,20,13,90,3,in_field,NA,NA,NA,NA
Moti_P10,end,2019-02-19T14:54:21Z,2019-02-19,31,30,31,35,30,15,36,34,37,12,35.6666666666667,30.6666666666667,26.6666666666667,Contracts,34,18,13,90,1,in_field,NA,32,32,support_others;avoid_distract;task_craft_mood
